16	db/migrations/2026-09-03-operator-entities-per-site-topics.sql
1	db/migrations/analytics-clean-schema/03_p0c_drop_dead_objects.sql
14	db/migrations/analytics-clean-schema/15_p5_drop_h_piot_originals.ROLLBACK.sql
2	db/migrations/analytics-clean-schema/15_p5_drop_h_piot_originals.sql
10	db/migrations/analytics-cruft-drop/01_drop_dead_functions.sql
8	db/migrations/analytics-cruft-drop/02_restore_dropped_tables.sql
1	db/migrations/analytics-cruft-drop/dropped_function_names.txt
5	db/migrations/analytics-cruft-drop/necessity_signal_table.csv
9	db/migrations/t237-core-schema/01-expand.sql
2	db/migrations/t237-core-schema/03-contract.sql
2	db/migrations/t237-core-schema/rollback.sql
7	db/migrations/t243-topic-routing-pk-rename/01-rename.sql
4	db/migrations/t244c-serving-self-containment/03-shift-generic.sql
4	db/migrations/t244c-serving-self-containment/rollback.sql
9	db/migrations/t244-enterprise-0613-parameterize/01-expand.sql
5	db/migrations/t257-scrap-capability/01-create-fn.sql
2	db/migrations/t258-drop-dim-grain-shims/01-drop.sql
4	db/migrations/t258-drop-dim-grain-shims/rollback.sql
21	db/migrations/t278a-core-object-docs/01-comments.sql
2	db/migrations/t278a-core-object-docs/rollback.sql
21	db/migrations/t278c-silver-bronze-object-docs/01-comments.sql
1	db/migrations/t278d-app-planes-object-docs/01-comments.sql
8	db/migrations/t278e-serving-bi-public-object-docs/01-comments.sql
6	db/migrations/t278e-serving-bi-public-object-docs/rollback.sql
1	db/migrations/t278g-core-customer-reports-column-fill/01-comments.sql
1	db/migrations/t278g-core-customer-reports-column-fill/rollback.sql
11	db/migrations/t279-core-enum-column-resolve/01-comments.sql
7	db/migrations/t279-core-enum-column-resolve/rollback.sql
30	db/migrations/t285-eliminate-shift-day-h-carriers/01-rewrite-fns.sql
1	db/migrations/t285-eliminate-shift-day-h-carriers/02-drop-carriers.sql
29	db/migrations/t285-eliminate-shift-day-h-carriers/rollback.sql
3	db/migrations/t-adr0061-p3a-operator-by-id/01-up.sql
5	db/migrations/t-adr0061-p3a-operator-by-id/verify.sql
9	db/migrations/t-adr0061-p3b-entities-hierarchy-ids/01-up.sql
8	db/migrations/t-adr0061-p3b-entities-hierarchy-ids/rollback.sql
2	db/migrations/t-adr0061-p3c2-po-number-text/rollback.sql
2	db/migrations/t-adr0061-p3c-po-list-by-id/01-up.sql
1	db/migrations/t-adr0061-p3d-bindings-backfill/01-up.sql
4	db/migrations/t-backfill-cd-equipment/01-backfill.sql
1	db/migrations/t-backfill-equipment-config-defaults/01-backfill.sql
6	db/migrations/t-cpack-reason-catalog/01-up.sql
5	db/migrations/t-cpack-reason-catalog/extract-legacy.sql
2	db/migrations/t-cpack-reason-catalog/verify.sql
4	db/migrations/t-data-sync-po-start-date/01-up.sql
4	db/migrations/t-data-sync-po-start-date/rollback.sql
1	db/migrations/t-data-sync-po-start-date/verify.sql
1	db/migrations/t-descriptor-device-keys/01-up.sql
1	db/migrations/t-device-bindings/01-up.sql
1	db/migrations/t-device-key-resolver/rollback.sql
1	db/migrations/t-ent5-counters-only-status-and-threshold/01-up.sql
1	db/migrations/t-equipments-self-fks/01-up.sql
10	db/migrations/t-events-timeline-bound/01-up.sql
16	db/migrations/t-events-timeline-bound/02-plan-time-pruning.sql
21	db/migrations/t-operator-events-dedupe/01-up.sql
16	db/migrations/t-operator-events-dedupe/rollback.sql
2	db/migrations/t-operator-po-list-real-order/01-up.sql
2	db/migrations/t-operator-po-list-real-order/rollback.sql
3	db/migrations/tRD-silver-bronze-state-labeled-view/01-state-labeled.sql
2	db/migrations/tRD-silver-bronze-state-labeled-view/rollback.sql
10	db/migrations/t-sandbox-attribution-sync/01-up.sql
4	db/migrations/t-topic-routing-guards/01-up.sql
1	db/migrations/t-topic-routing-guards/rollback.sql
6	db/migrations/t-topic-routing-guards/verify.sql
2	services/analytics-sync/internal/replicate/config.go
1	services/analytics-sync/internal/replicate/handlers.go
1	services/analytics-sync/internal/replicate/manual_reconcile.go
10	services/analytics-sync/internal/replicate/resolver.go
7	services/analytics-sync/scripts/backfill-event-fcs-from-legacy.sh
8	services/edge-transformer/internal/agent/agentcfg/register_cpack_full_test.go
1	services/ingest-shim/cmd/ingest-shim/main.go
4	services/mirror-worker-go/internal/db/prod.go
1	services/mirror-worker-go/internal/db/prod_test.go
1	services/mirror-worker-go/internal/metrics/collectors.go
3	services/mirror-worker-go/internal/reconcile/events_sync.go
2	services/mirror-worker-go/internal/replay/downtime_event_created.go
3	services/mirror-worker-go/internal/replay/downtime_event_created_test.go
17	services/mirror-worker-go/internal/translate/translate.go
8	services/mirror-worker-go/internal/translate/translate_test.go
4	services/oeecloud-fanout/internal/retenant/retenant.go
3	services/oeecloud-fanout/internal/retenant/retenant_test.go
1	services/operator-gateway/cmd/operator-adapter/main.go
6	services/operator-gateway/internal/adapter/mapping.go
4	services/operator-gateway/internal/adapter/po_lifecycle.go
17	services/operator-gateway/internal/adapter/po_lifecycle_test.go
15	services/operator-gateway/internal/adapter/resolver.go
12	services/operator-gateway/internal/adapter/server.go
19	services/operator-gateway/internal/adapter/server_test.go
2	services/operator-gateway/internal/adapter/split.go
8	services/operator-gateway/internal/adapter/split_test.go
11	services/operator-gateway/internal/adapter/types.go
1	services/operator-gateway/internal/db/pool.go
1	services/read-api/cmd/refdata-api/datasets.go
4	services/read-api/cmd/refdata-api/external.go
18	services/read-api/cmd/refdata-api/external_integration.go
7	services/read-api/cmd/refdata-api/external_integration_golden_test.go
6	services/read-api/cmd/refdata-api/external_montebello_incoplast.go
3	services/read-api/cmd/refdata-api/external_montebello_incoplast_golden_test.go
1	services/read-api/cmd/refdata-api/internal.go
9	services/read-api/cmd/refdata-api/main.go
4	services/read-api/cmd/refdata-api/main_test.go
9	services/read-api/cmd/refdata-api/testdata/contract.golden.json
1	services/read-api/cmd/refdata-api/testdata/external/incoplast/events.golden.json
1	services/read-api/cmd/refdata-api/testdata/external/incoplast/job_report.golden.json
1	services/read-api/cmd/refdata-api/testdata/external/montebello/data-sync.golden.json
1	services/read-api/cmd/refdata-api/testdata/external/montebello/get-shift-validation.golden.json
1	services/read-api/cmd/refdata-api/testdata/external/montebello/job_data_integration.golden.json
5	services/read-api/refdata-api
4	services/read-api/scripts/refdata-f3-parity-check.sh
3	services/sparkplug-decoder/cmd/bispharma-twin/main.go
1	services/sparkplug-decoder/cmd/edge-transformer/birthbind_wiring.go
11	services/sparkplug-decoder/cmd/edge-transformer/line_param30700_seed.go
5	services/sparkplug-decoder/cmd/edge-transformer/main.go
1	services/sparkplug-decoder/cmd/inject-counter-fixture/main.go
1	services/sparkplug-decoder/cmd/onboard-gen/main.go
2	services/sparkplug-decoder/cmd/plc-sim/feed_magnitude_parity_test.go
3	services/sparkplug-decoder/cmd/plc-sim/main.go
5	services/sparkplug-decoder/cmd/plc-sim/main_test.go
2	services/sparkplug-decoder/cmd/sparkplug-agent/capture_multi_test.go
13	services/sparkplug-decoder/cmd/sparkplug-agent/main.go
2	services/sparkplug-decoder/cmd/sparkplug-agent/multitenant_derive_test.go
3	services/sparkplug-decoder/cmd/sparkplug-agent/multitenant_test.go
1	services/sparkplug-decoder/docs/client.example.yaml
1	services/sparkplug-decoder/go.mod
7	services/sparkplug-decoder/internal/agent/agentcfg/agentcfg.go
3	services/sparkplug-decoder/internal/agent/agentcfg/agentcfg_test.go
1	services/sparkplug-decoder/internal/agent/agentcfg/cutover.go
15	services/sparkplug-decoder/internal/agent/agentcfg/register.go
11	services/sparkplug-decoder/internal/agent/agentcfg/register_pg.go
15	services/sparkplug-decoder/internal/agent/agentcfg/register_test.go
1	services/sparkplug-decoder/internal/agent/birth/birth.go
1	services/sparkplug-decoder/internal/agent/capture/capture.go
1	services/sparkplug-decoder/internal/agent/capture/capture_pg.go
1	services/sparkplug-decoder/internal/agent/clientdescriptor/bispharma_derive_test.go
6	services/sparkplug-decoder/internal/agent/clientdescriptor/clientdescriptor.go
4	services/sparkplug-decoder/internal/agent/clientdescriptor/clientdescriptor_test.go
2	services/sparkplug-decoder/internal/agent/clientdescriptor/default_agent_wiring_test.go
1	services/sparkplug-decoder/internal/agent/clientdescriptor/default_metric_templates_test.go
35	services/sparkplug-decoder/internal/agent/clientdescriptor/generate.go
12	services/sparkplug-decoder/internal/agent/clientdescriptor/generate_multisource_test.go
6	services/sparkplug-decoder/internal/agent/clientdescriptor/generate_reader.go
8	services/sparkplug-decoder/internal/agent/clientdescriptor/generate_reader_test.go
5	services/sparkplug-decoder/internal/agent/clientdescriptor/generate_test.go
14	services/sparkplug-decoder/internal/agent/clientdescriptor/plc_types_test.go
5	services/sparkplug-decoder/internal/agent/clientdescriptor/reader_contract_test.go
9	services/sparkplug-decoder/internal/agent/clientdescriptor/scaffold.go
1	services/sparkplug-decoder/internal/agent/httpingest/e2e_test.go
2	services/sparkplug-decoder/internal/agent/numeric/numeric.go
1	services/sparkplug-decoder/internal/agent/onboard/helpers.go
2	services/sparkplug-decoder/internal/agent/onboard/scaffold.go
7	services/sparkplug-decoder/internal/agent/rawtag/rawtag.go
1	services/sparkplug-decoder/internal/agent/rawtag/rawtag_test.go
1	services/sparkplug-decoder/internal/agent/tagstore/tagstore.go
1	services/sparkplug-decoder/internal/agent/tenantprofile/roles.go
11	services/sparkplug-decoder/internal/agent/tenantprofile/tenantprofile.go
1	services/sparkplug-decoder/internal/analyticspub/publisher.go
2	services/sparkplug-decoder/internal/clientconfig/derived_source_test.go
39	services/sparkplug-decoder/internal/clientconfig/loader.go
4	services/sparkplug-decoder/internal/clientconfig/loader_multiproto_test.go
5	services/sparkplug-decoder/internal/clientconfig/loader_test.go
12	services/sparkplug-decoder/internal/command/dcmd.go
10	services/sparkplug-decoder/internal/command/executor_test.go
1	services/sparkplug-decoder/internal/command/types.go
1	services/sparkplug-decoder/internal/config/config.go
9	services/sparkplug-decoder/internal/countersrate/countersrate.go
3	services/sparkplug-decoder/internal/countersrate/countersrate_test.go
13	services/sparkplug-decoder/internal/flowimport/flowimport.go
6	services/sparkplug-decoder/internal/flowimport/flowimport_test.go
1	services/sparkplug-decoder/internal/localstate/localstate.go
1	services/sparkplug-decoder/internal/modbus/decode.go
2	services/sparkplug-decoder/internal/modbus/mapping.go
2	services/sparkplug-decoder/internal/modbus/mapping_test.go
3	services/sparkplug-decoder/internal/modbus/poller.go
11	services/sparkplug-decoder/internal/oeeprofile/oeeprofile.go
2	services/sparkplug-decoder/internal/oeeprofile/oeeprofile_test.go
2	services/sparkplug-decoder/internal/opcua/mapping.go
2	services/sparkplug-decoder/internal/opcua/mapping_test.go
4	services/sparkplug-decoder/internal/opcua/poller.go
2	services/sparkplug-decoder/internal/rawemit/rawemit_test.go
1	services/sparkplug-decoder/internal/s7/decode.go
2	services/sparkplug-decoder/internal/s7/mapping.go
3	services/sparkplug-decoder/internal/s7/mapping_test.go
3	services/sparkplug-decoder/internal/s7/poller.go
1	services/sparkplug-decoder/internal/secrets/secrets.go
1	services/sparkplug-decoder/internal/sparkplug/fixtures_test.go
1	services/sparkplug-decoder/internal/transforms/calc_production_counters/calc.go
3	services/sparkplug-decoder/internal/transforms/calc_production_counters/decision_tree.go
4	services/sparkplug-decoder/internal/transforms/calc_production_counters/source.js
1	services/sparkplug-decoder/internal/transforms/calc_production_counters/state.go
7	services/stream-engine/cmd/oeecloud-worker/main.go
1	services/stream-engine/internal/amqp/consumer.go
13	services/stream-engine/internal/birthverify/birthverify.go
3	services/stream-engine/internal/config/config.go
1	services/stream-engine/internal/events/cpac_deriver.go
1	services/stream-engine/internal/events/deriver.go
2	services/stream-engine/internal/flows/flows.go
8	services/stream-engine/internal/handlers/sparkplug.go
3	services/stream-engine/internal/metrics/metrics.go
1	services/stream-engine/internal/pocontrol/decide_test.go
1	services/stream-engine/internal/pocontrol/pocontrol.go
9	services/stream-engine/internal/pocontrol/topology.go
11	services/stream-engine/internal/reports/sync06_body.sql
8	services/stream-engine/internal/sparkplug/birthbound.go
5	services/stream-engine/internal/sparkplug/birthbound_test.go
7	services/stream-engine/internal/sparkplug/parse.go
2	services/stream-engine/internal/sparkplug/parse_test.go
8	services/stream-engine/internal/sparkplug/resolver.go
1	services/stream-engine/internal/tenants/allowlist.go
9	services/stream-engine/internal/tenants/discovery.go
2	services/stream-engine/internal/uns/current_metrics.go
6	services/stream-engine/internal/writers/equipment_values.go
6	services/stream-engine/internal/writers/equipment_values_unresolved_test.go
1	services/stream-engine/internal/writers/po_parameter.go
1	services/stream-engine/internal/writers/query.go
